case_image,site,is_cropped_image,img_size_xyz,img_spacing_xyz,img_array_shape,img_components,img_pixel_type,mask_path,mask_size_xyz,mask_spacing_xyz,mask_array_shape,mask_labels,size_match,spacing_match,has_pair,needs_review
External/ARK-CANJAX-1.nrrd,external,False,"(224.0, 224.0, 114.0)","(0.9821428656578003, 0.9821428656577998, 1.399997083702621)","(114, 224, 224)",1,16-bit unsigned integer,External/ARK-CANJAX-1 Segmentation.nrrd,"(224.0, 224.0, 114.0)","(0.9821428656578003, 0.9821428656577998, 1.399997083702621)","(114, 224, 224)","[0, 1, 2, 3, 4]",True,True,True,False
External/ARK-VADBRO-1 cropped.nrrd,external,True,"(88.0, 100.0, 131.0)","(1.4000015644112, 1.2499999999999998, 1.2499999999999998)","(131, 100, 88)",1,16-bit unsigned integer,External/ARK-VADBRO-1 cropped segmentation.nrrd,"(224.0, 224.0, 100.0)","(1.2500000000000004, 1.2500000000000004, 1.4000015644111958)","(100, 224, 224)","[0, 1, 2, 3, 4]",False,False,True,True
External/ARK-VADBRO-1.nrrd,external,False,"(224.0, 224.0, 100.0)","(1.2500000000000004, 1.2500000000000004, 1.4000015644111958)","(100, 224, 224)",1,16-bit unsigned integer,External/ARK-VADBRO-1 cropped segmentation.nrrd,"(224.0, 224.0, 100.0)","(1.2500000000000004, 1.2500000000000004, 1.4000015644111958)","(100, 224, 224)","[0, 1, 2, 3, 4]",True,True,True,False
External/BCH-ARMTSO-1 cropped.nrrd,external,True,"(172.0, 187.0, 243.0)","(0.699996968425769, 0.5546875, 0.5546875)","(243, 187, 172)",1,64-bit float,External/BCH-ARMTSO-1 Segmentation.nrrd,"(640.0, 640.0, 190.0)","(0.5546875, 0.5546875, 0.6999969684257686)","(190, 640, 640)","[0, 1, 2, 3, 4]",False,False,True,True
External/BCH-ARMTSO-1.nrrd,external,False,"(640.0, 640.0, 190.0)","(0.5546875, 0.5546875, 0.6999969684257686)","(190, 640, 640)",1,64-bit float,External/BCH-ARMTSO-1 Segmentation.nrrd,"(640.0, 640.0, 190.0)","(0.5546875, 0.5546875, 0.6999969684257686)","(190, 640, 640)","[0, 1, 2, 3, 4]",True,True,True,False
External/BCH-BUCJAC-1 cropped.nrrd,external,True,"(155.0, 219.0, 269.0)","(0.8000030517578134, 0.5338541865348801, 0.5338541865348801)","(269, 219, 155)",1,64-bit float,External/BCH-BUCJAC-1 Segmentation.nrrd,"(768.0, 768.0, 155.0)","(0.53385418653488, 0.53385418653488, 0.8000030517578129)","(155, 768, 768)","[0, 1, 2, 3, 4]",False,False,True,True
External/BCH-BUCJAC-1.nrrd,external,False,"(768.0, 768.0, 155.0)","(0.53385418653488, 0.53385418653488, 0.8000030517578129)","(155, 768, 768)",1,64-bit float,External/BCH-BUCJAC-1 Segmentation.nrrd,"(768.0, 768.0, 155.0)","(0.53385418653488, 0.53385418653488, 0.8000030517578129)","(155, 768, 768)","[0, 1, 2, 3, 4]",True,True,True,False
External/BCH-CAGROB-1 cropped.nrrd,external,True,"(103.0, 199.0, 232.0)","(1.20000457763672, 0.73286867141723, 0.73286867141723)","(232, 199, 103)",1,64-bit float,External/BCH-CAGROB-1 cropped segmentation.nrrd,"(512.0, 512.0, 110.0)","(0.7328686714172296, 0.7328686714172296, 1.2000045776367176)","(110, 512, 512)","[0, 1, 2, 3, 4]",False,False,True,True
External/BCH-CAGROB-1.nrrd,external,False,"(512.0, 512.0, 110.0)","(0.7328686714172296, 0.7328686714172296, 1.2000045776367176)","(110, 512, 512)",1,64-bit float,External/BCH-CAGROB-1 cropped segmentation.nrrd,"(512.0, 512.0, 110.0)","(0.7328686714172296, 0.7328686714172296, 1.2000045776367176)","(110, 512, 512)","[0, 1, 2, 3, 4]",True,True,True,False
External/BCH-CAMJEF-1.nrrd,external,False,"(720.0, 720.0, 220.0)","(0.60416668653488, 0.60416668653488, 0.8499984218649675)","(220, 720, 720)",1,64-bit float,External/BCH-CAMJEF-1 Segmentation.nrrd,"(720.0, 720.0, 220.0)","(0.60416668653488, 0.60416668653488, 0.8499984218649675)","(220, 720, 720)","[0, 1, 2, 3, 4]",True,True,True,False
External/BCH-CASRYA-1 cropped.nrrd,external,True,"(180.0, 230.0, 307.0)","(0.800003051757809, 0.61011904478073, 0.61011904478073)","(307, 230, 180)",1,64-bit float,External/BCH-CASRYA-1 Segmentation.nrrd,"(672.0, 672.0, 180.0)","(0.61011904478073, 0.61011904478073, 0.8000030517578091)","(180, 672, 672, 2)","[0, 1, 3, 4]",False,False,True,True
External/BCH-CASRYA-1.nrrd,external,False,"(672.0, 672.0, 180.0)","(0.61011904478073, 0.61011904478073, 0.8000030517578091)","(180, 672, 672)",1,64-bit float,External/BCH-CASRYA-1 Segmentation.nrrd,"(672.0, 672.0, 180.0)","(0.61011904478073, 0.61011904478073, 0.8000030517578091)","(180, 672, 672, 2)","[0, 1, 3, 4]",True,True,True,False
External/BCH-DASNIK-1 cropped.nrrd,external,True,"(155.0, 160.0, 173.0)","(0.6874999999999999, 0.6874999999999999, 0.7499999999999948)","(173, 160, 155)",1,16-bit unsigned integer,External/BCH-DASNIK-1 segmentation.nrrd,"(320.0, 320.0, 210.0)","(0.6874999999999999, 0.6874999999999999, 0.7499999999999947)","(210, 320, 320)","[0, 1, 2, 3, 4]",False,True,True,True
External/BCH-DASNIK-1.nrrd,external,False,"(320.0, 320.0, 210.0)","(0.6874999999999999, 0.6874999999999999, 0.7499999999999947)","(210, 320, 320)",1,16-bit unsigned integer,External/BCH-DASNIK-1 segmentation.nrrd,"(320.0, 320.0, 210.0)","(0.6874999999999999, 0.6874999999999999, 0.7499999999999947)","(210, 320, 320)","[0, 1, 2, 3, 4]",True,True,True,False
External/BCH-DOYBRE-1 cropped.nrrd,external,True,"(115.0, 278.0, 366.0)","(1.19999694824218, 0.5312499999999999, 0.5312499999999999)","(366, 278, 115)",1,64-bit float,External/BCH-DOYBRE-1 Segmentation.nrrd,"(640.0, 640.0, 115.0)","(0.53125, 0.53125, 1.199996948242184)","(115, 640, 640)","[0, 1, 2, 3, 4]",False,False,True,True
External/BCH-DOYBRE-1.nrrd,external,False,"(640.0, 640.0, 115.0)","(0.53125, 0.53125, 1.199996948242184)","(115, 640, 640)",1,64-bit float,External/BCH-DOYBRE-1 Segmentation.nrrd,"(640.0, 640.0, 115.0)","(0.53125, 0.53125, 1.199996948242184)","(115, 640, 640)","[0, 1, 2, 3, 4]",True,True,True,False
External/BCH-RUSJOS-1 Cropped.nrrd,external,True,"(203.0, 158.0, 197.0)","(0.61011904478073, 0.61011904478073, 0.61011904478073)","(197, 158, 203)",1,64-bit float,External/BCH-RUSJOS-1 Cropped segmentation.nrrd,"(203.0, 158.0, 198.0)","(0.61011904478073, 0.61011904478073, 0.61011904478073)","(198, 158, 203)","[0, 1, 2, 3, 4]",False,True,True,True
External/BCH-WILCAS-1-a.nrrd,external,False,"(96.0, 218.0, 246.0)","(1.40000145588446, 0.8203124999999997, 0.8203124999999997)","(246, 218, 96)",1,64-bit float,External/BCH-WILCAS-1 Segmentation.nrrd,"(512.0, 512.0, 110.0)","(0.8203125000000001, 0.8203125000000001, 1.4000014558844553)","(110, 512, 512)","[0, 1, 2, 3, 4]",False,False,True,True
External/BCH-WILCAS-1.nrrd,external,False,"(512.0, 512.0, 110.0)","(0.8203125000000001, 0.8203125000000001, 1.4000014558844553)","(110, 512, 512)",1,64-bit float,External/BCH-WILCAS-1 Segmentation.nrrd,"(512.0, 512.0, 110.0)","(0.8203125000000001, 0.8203125000000001, 1.4000014558844553)","(110, 512, 512)","[0, 1, 2, 3, 4]",True,True,True,False
External/CHA-AMEJOS-1 cropped.nrrd,external,True,"(88.0, 218.0, 295.0)","(1.3999999653209296, 0.7083333134651196, 0.7083333134651196)","(295, 218, 88)",1,16-bit unsigned integer,External/CHA-AMEJOS-1 cropped segmentation.nrrd,"(88.0, 218.0, 295.0)","(1.3999999653209296, 0.7083333134651196, 0.7083333134651196)","(295, 218, 88)","[0, 1, 2, 3, 4]",True,True,True,False
External/CHA-AMEJOS-1.nrrd,external,False,"(360.0, 480.0, 88.0)","(0.70833331346512, 0.70833331346512, 1.399999965320931)","(88, 480, 360)",1,16-bit unsigned integer,External/CHA-AMEJOS-1 cropped segmentation.nrrd,"(88.0, 218.0, 295.0)","(1.3999999653209296, 0.7083333134651196, 0.7083333134651196)","(295, 218, 88)","[0, 1, 2, 3, 4]",False,False,True,True
External/CHA-BALBRA-1 cropped.nrrd,external,True,"(315.0, 282.0, 116.0)","(0.38377751356726, 0.3837775135672599, 1.1999999999999698)","(116, 282, 315)",1,16-bit unsigned integer,External/CHA-BALBRA-1 cropped segmentation.nrrd,"(576.0, 576.0, 226.0)","(0.3837775135672599, 0.38377751356726003, 1.199999999999966)","(226, 576, 576)","[0, 1, 3, 4, 5]",False,True,True,True
External/CHA-BALBRA-1.nrrd,external,False,"(576.0, 576.0, 226.0)","(0.3837775135672599, 0.38377751356726003, 1.199999999999966)","(226, 576, 576)",1,16-bit unsigned integer,External/CHA-BALBRA-1 cropped segmentation.nrrd,"(576.0, 576.0, 226.0)","(0.3837775135672599, 0.38377751356726003, 1.199999999999966)","(226, 576, 576)","[0, 1, 3, 4, 5]",True,True,True,False
External/CHA-BUTDAY-1.nrrd,external,False,"(480.0, 480.0, 189.0)","(0.4807937044886, 0.4807937044885999, 1.4210526315789027)","(189, 480, 480)",1,16-bit unsigned integer,External/CHA-BUTDAY-1 Segmentation.nrrd,"(480.0, 480.0, 189.0)","(0.4807937044886, 0.4807937044885999, 1.4210526315789027)","(189, 480, 480)","[0, 1, 2, 3, 4]",True,True,True,False
External/CHA-ESPPAO-1.nrrd,external,False,"(384.0, 480.0, 80.0)","(0.70833331346512, 0.70833331346512, 1.4)","(80, 480, 384)",1,16-bit unsigned integer,External/CHA-ESPPAO-1 Segmentation.nrrd,"(384.0, 480.0, 80.0)","(0.70833331346512, 0.70833331346512, 1.4)","(80, 480, 384)","[0, 1, 2, 3, 4]",True,True,True,False
External/COL-DRIZIN-1.nrrd,external,False,"(92.0, 153.0, 225.0)","(1.0, 0.7031, 0.7031)","(225, 153, 92)",1,16-bit signed integer,External/COL-DRIZIN-1 Segmentation.nrrd,"(92.0, 153.0, 225.0)","(1.0, 0.7031, 0.7031)","(225, 153, 92)","[0, 1, 2, 3, 4]",True,True,True,False
External/TCH-FOXPIP-1.nrrd,external,False,"(336.0, 448.0, 120.0)","(0.625, 0.625, 1.2999999999999998)","(120, 448, 336)",1,16-bit unsigned integer,External/TCH-FOXPIP-1 Segmentation.nrrd,"(336.0, 448.0, 120.0)","(0.625, 0.625, 1.2999999999999998)","(120, 448, 336)","[0, 1, 2, 3, 4]",True,True,True,False
External/TCH-KAPCAS-1 cropped.nrrd,external,True,"(73.0, 144.0, 185.0)","(1.4999999999999898, 0.83333331346511, 0.83333331346511)","(185, 144, 73)",1,16-bit unsigned integer,External/TCH-KAPCAS-1 cropped segmentation.nrrd,"(288.0, 288.0, 73.0)","(0.83333331346511, 0.83333331346511, 1.4999999999999918)","(73, 288, 288)","[0, 1, 2, 3, 4]",False,False,True,True
External/TCH-KAPCAS-1.nrrd,external,False,"(288.0, 288.0, 73.0)","(0.83333331346511, 0.83333331346511, 1.4999999999999918)","(73, 288, 288)",1,16-bit unsigned integer,External/TCH-KAPCAS-1 cropped segmentation.nrrd,"(288.0, 288.0, 73.0)","(0.83333331346511, 0.83333331346511, 1.4999999999999918)","(73, 288, 288)","[0, 1, 2, 3, 4]",True,True,True,False
External/TCH-MCCJOL-1.nrrd,external,False,"(432.0, 432.0, 85.0)","(0.625, 0.625, 1.2999992370605404)","(85, 432, 432)",1,16-bit unsigned integer,External/TCH-MCCJOL-1 Segmentation.nrrd,"(432.0, 432.0, 85.0)","(0.625, 0.625, 1.2999992370605404)","(85, 432, 432)","[0, 1, 2, 3, 4]",True,True,True,False
External/TCH-MEJISA-1.nrrd,external,False,"(240.0, 320.0, 112.0)","(1.0625, 1.0625, 1.400000027247837)","(112, 320, 240)",1,16-bit unsigned integer,External/TCH-MEJISA-1 Segmentation.nrrd,"(240.0, 320.0, 112.0)","(1.0625, 1.0625, 1.400000027247837)","(112, 320, 240)","[0, 1, 2, 3, 4]",True,True,True,False
External/TCH-QUIBRO-1 cropped.nrrd,external,True,"(125.0, 179.0, 106.0)","(0.9722222089767404, 0.9722222089767402, 1.1999954562368491)","(106, 179, 125)",1,16-bit unsigned integer,External/TCH-QUIBRO-1 cropped segmentation.nrrd,"(288.0, 288.0, 121.0)","(0.9722222089767399, 0.9722222089767399, 1.199995456236848)","(121, 288, 288)","[0, 1, 2, 3, 4]",False,True,True,True
External/TCH-QUIBRO-1.nrrd,external,False,"(288.0, 288.0, 121.0)","(0.9722222089767399, 0.9722222089767399, 1.199995456236848)","(121, 288, 288)",1,16-bit unsigned integer,External/TCH-QUIBRO-1 cropped segmentation.nrrd,"(288.0, 288.0, 121.0)","(0.9722222089767399, 0.9722222089767399, 1.199995456236848)","(121, 288, 288)","[0, 1, 2, 3, 4]",True,True,True,False
External/TCH-VILAND-1 cropped.nrrd,external,True,"(74.0, 227.0, 240.0)","(1.60000234107448, 0.64999997615814, 0.64999997615814)","(240, 227, 74)",1,16-bit unsigned integer,External/TCH-VILAND-1 cropped segmentation.nrrd,"(448.0, 448.0, 74.0)","(0.64999997615814, 0.64999997615814, 1.6000023410744797)","(74, 448, 448)","[0, 1, 2, 3, 4]",False,False,True,True
External/TCH-VILAND-1.nrrd,external,False,"(448.0, 448.0, 74.0)","(0.64999997615814, 0.64999997615814, 1.6000023410744797)","(74, 448, 448)",1,16-bit unsigned integer,External/TCH-VILAND-1 cropped segmentation.nrrd,"(448.0, 448.0, 74.0)","(0.64999997615814, 0.64999997615814, 1.6000023410744797)","(74, 448, 448)","[0, 1, 2, 3, 4]",True,True,True,False
Internal/imaging/Fontan 01.nrrd,internal,False,"(56.0, 53.0, 86.0)","(2.75, 2.25, 2.25)","(86, 53, 56)",1,16-bit unsigned integer,Internal/labels_standardized/Fontan 01 Segmentation.seg.nrrd,"(56.0, 53.0, 86.0)","(2.75, 2.25, 2.25)","(86, 53, 56)","[0, 1, 2, 3, 4]",True,True,True,False
Internal/imaging/Fontan 03.nrrd,internal,False,"(56.0, 51.0, 71.0)","(2.4999999999999996, 2.1875, 2.1875)","(71, 51, 56)",1,16-bit unsigned integer,Internal/labels_standardized/Fontan 03 Segmentation.seg.nrrd,"(56.0, 51.0, 71.0)","(2.4999999999999996, 2.1875, 2.1875)","(71, 51, 56)","[0, 1, 2, 3, 4]",True,True,True,False
Internal/imaging/Fontan 04.nrrd,internal,False,"(72.0, 62.0, 94.0)","(1.80000008477104, 1.7500000000000002, 1.7500000000000002)","(94, 62, 72)",1,16-bit unsigned integer,Internal/labels_standardized/Fontan 04 Segmentation.seg.nrrd,"(72.0, 62.0, 94.0)","(1.80000008477104, 1.7500000000000002, 1.7500000000000002)","(94, 62, 72)","[0, 1, 2, 3, 4]",True,True,True,False
Internal/imaging/Fontan 07.nrrd,internal,False,"(64.0, 64.0, 105.0)","(1.79999995231629, 1.625, 1.625)","(105, 64, 64)",1,16-bit unsigned integer,Internal/labels_standardized/Fontan 07 Segmentation.seg.nrrd,"(64.0, 64.0, 105.0)","(1.79999995231629, 1.625, 1.625)","(105, 64, 64)","[0, 1, 2, 3, 4]",True,True,True,False
Internal/imaging/Fontan 08.nrrd,internal,False,"(112.0, 160.0, 64.0)","(1.75, 1.75, 1.7999999523162855)","(64, 160, 112)",1,16-bit unsigned integer,Internal/labels_standardized/Fontan 08 Segmentation.seg.nrrd,"(112.0, 160.0, 64.0)","(1.75, 1.75, 1.7999999523162855)","(64, 160, 112)","[0, 1, 2, 3, 4]",True,True,True,False
Internal/imaging/Fontan 09.nrrd,internal,False,"(56.0, 65.0, 72.0)","(2.75, 2.375, 2.375)","(72, 65, 56)",1,16-bit unsigned integer,Internal/labels_standardized/Fontan 09 Segmentation.seg.nrrd,"(56.0, 65.0, 72.0)","(2.75, 2.375, 2.375)","(72, 65, 56)","[0, 1, 2, 3, 4]",True,True,True,False
Internal/imaging/Fontan 10.nrrd,internal,False,"(48.0, 45.0, 73.0)","(2.75, 2.25, 2.25)","(73, 45, 48)",1,16-bit unsigned integer,Internal/labels_standardized/Fontan 10 Segmentation.seg.nrrd,"(48.0, 45.0, 73.0)","(2.75, 2.25, 2.25)","(73, 45, 48)","[0, 1, 2, 3, 4]",True,True,True,False
Internal/imaging/Fontan 100.nrrd,internal,False,"(120.0, 160.0, 60.0)","(2.25, 2.25, 2.75)","(60, 160, 120)",1,16-bit unsigned integer,Internal/labels_standardized/Fontan 100 Segmentation.seg.nrrd,"(120.0, 160.0, 60.0)","(2.25, 2.25, 2.75)","(60, 160, 120)","[0, 1, 2, 3, 4]",True,True,True,False
Internal/imaging/Fontan 101.nrrd,internal,False,"(120.0, 160.0, 64.0)","(1.7499999999999998, 1.75, 1.7999999523162806)","(64, 160, 120)",1,16-bit unsigned integer,Internal/labels_standardized/Fontan 101 Segmentation.seg.nrrd,"(120.0, 160.0, 64.0)","(1.7499999999999998, 1.75, 1.7999999523162806)","(64, 160, 120)","[0, 1, 2, 3, 4]",True,True,True,False
Internal/imaging/Fontan 102.nrrd,internal,False,"(120.0, 160.0, 56.0)","(2.25, 2.25, 2.75)","(56, 160, 120)",1,16-bit unsigned integer,Internal/labels_standardized/Fontan 102 Segmentation.seg.nrrd,"(120.0, 160.0, 56.0)","(2.25, 2.25, 2.75)","(56, 160, 120)","[0, 1, 2, 3, 4]",True,True,True,False
Internal/imaging/Fontan 106.nrrd,internal,False,"(120.0, 160.0, 56.0)","(2.375, 2.375, 2.75)","(56, 160, 120)",1,16-bit unsigned integer,,,,,,,,False,True
Internal/imaging/Fontan 107.nrrd,internal,False,"(120.0, 160.0, 64.0)","(2.2500000000000004, 2.2500000000000004, 2.7500000000000173)","(64, 160, 120)",1,16-bit unsigned integer,,,,,,,,False,True
Internal/imaging/Fontan 108.nrrd,internal,False,"(120.0, 160.0, 52.0)","(2.25, 2.25, 2.75)","(52, 160, 120)",1,16-bit unsigned integer,,,,,,,,False,True
Internal/imaging/Fontan 14.nrrd,internal,False,"(60.0, 63.0, 76.0)","(2.75, 2.25, 2.25)","(76, 63, 60)",1,16-bit unsigned integer,Internal/labels_standardized/Fontan 14 Segmentation.seg.nrrd,"(60.0, 63.0, 76.0)","(2.75, 2.25, 2.25)","(76, 63, 60)","[0, 1, 2, 3, 4]",True,True,True,False
Internal/imaging/Fontan 15.nrrd,internal,False,"(48.0, 53.0, 61.0)","(2.75, 2.375, 2.375)","(61, 53, 48)",1,16-bit unsigned integer,Internal/labels_standardized/Fontan 15 Segmentation.seg.nrrd,"(48.0, 53.0, 61.0)","(2.75, 2.375, 2.375)","(61, 53, 48)","[0, 1, 2, 3, 4]",True,True,True,False
Internal/imaging/Fontan 16.nrrd,internal,False,"(72.0, 53.0, 86.0)","(1.80000008477106, 1.75, 1.75)","(86, 53, 72)",1,16-bit unsigned integer,Internal/labels_standardized/Fontan 16 Segmentation.seg.nrrd,"(72.0, 53.0, 86.0)","(1.80000008477106, 1.75, 1.75)","(86, 53, 72)","[0, 1, 2, 3, 4]",True,True,True,False
Internal/imaging/Fontan 17.nrrd,internal,False,"(64.0, 70.0, 104.0)","(1.79999995231629, 1.75, 1.75)","(104, 70, 64)",1,16-bit unsigned integer,Internal/labels_standardized/Fontan 17 Segmentation.seg.nrrd,"(64.0, 70.0, 104.0)","(1.79999995231629, 1.75, 1.75)","(104, 70, 64)","[0, 1, 2, 3, 4]",True,True,True,False
Internal/imaging/Fontan 18.nrrd,internal,False,"(64.0, 64.0, 78.0)","(2.5, 2.375, 2.375)","(78, 64, 64)",1,16-bit unsigned integer,Internal/labels_standardized/Fontan 18 Segmentation.seg.nrrd,"(64.0, 64.0, 78.0)","(2.5, 2.375, 2.375)","(78, 64, 64)","[0, 1, 2, 3, 4]",True,True,True,False
Internal/imaging/Fontan 19.nrrd,internal,False,"(56.0, 48.0, 64.0)","(2.75, 2.375, 2.375)","(64, 48, 56)",1,16-bit unsigned integer,Internal/labels_standardized/Fontan 19 Segmentation.seg.nrrd,"(56.0, 48.0, 64.0)","(2.75, 2.375, 2.375)","(64, 48, 56)","[0, 1, 2, 3, 4]",True,True,True,False
Internal/imaging/Fontan 21.nrrd,internal,False,"(56.0, 69.0, 83.0)","(2.5, 2.375, 2.375)","(83, 69, 56)",1,16-bit unsigned integer,Internal/labels_standardized/Fontan 21 Segmentation.seg.nrrd,"(56.0, 69.0, 83.0)","(2.5, 2.375, 2.375)","(83, 69, 56)","[0, 1, 2, 3, 4]",True,True,True,False
Internal/imaging/Fontan 22.nrrd,internal,False,"(56.0, 57.0, 69.0)","(2.75, 2.375, 2.375)","(69, 57, 56)",1,16-bit unsigned integer,Internal/labels_standardized/Fontan 22 Segmentation.seg.nrrd,"(56.0, 57.0, 69.0)","(2.75, 2.375, 2.375)","(69, 57, 56)","[0, 1, 2, 3, 4]",True,True,True,False
Internal/imaging/Fontan 24.nrrd,internal,False,"(72.0, 74.0, 83.0)","(1.80000008477106, 1.75, 1.75)","(83, 74, 72)",1,16-bit unsigned integer,Internal/labels_standardized/Fontan 24 Segmentation.seg.nrrd,"(72.0, 74.0, 83.0)","(1.80000008477106, 1.75, 1.75)","(83, 74, 72)","[0, 1, 2, 3, 4]",True,True,True,False
Internal/imaging/Fontan 25.nrrd,internal,False,"(44.0, 57.0, 66.0)","(2.75, 2.25, 2.25)","(66, 57, 44)",1,16-bit unsigned integer,Internal/labels_standardized/Fontan 25 Segmentation.seg.nrrd,"(44.0, 57.0, 66.0)","(2.75, 2.25, 2.25)","(66, 57, 44)","[0, 1, 2, 3, 4]",True,True,True,False
Internal/imaging/Fontan 26.nrrd,internal,False,"(48.0, 51.0, 68.0)","(2.75, 2.25, 2.25)","(68, 51, 48)",1,16-bit unsigned integer,Internal/labels_standardized/Fontan 26 Segmentation.seg.nrrd,"(48.0, 51.0, 68.0)","(2.75, 2.25, 2.25)","(68, 51, 48)","[0, 1, 2, 3, 4]",True,True,True,False
Internal/imaging/Fontan 28.nrrd,internal,False,"(64.0, 55.0, 72.0)","(2.75, 2.375, 2.375)","(72, 55, 64)",1,16-bit unsigned integer,Internal/labels_standardized/Fontan 28 Segmentation.seg.nrrd,"(64.0, 55.0, 72.0)","(2.75, 2.375, 2.375)","(72, 55, 64)","[0, 1, 2, 3, 4]",True,True,True,False
Internal/imaging/Fontan 29.nrrd,internal,False,"(133.0, 99.0, 167.0)","(1.1458333730698, 1.1999999455043202, 1.1458333730698)","(167, 99, 133)",1,16-bit unsigned integer,Internal/labels_standardized/Fontan 29 Segmentation.seg.nrrd,"(133.0, 99.0, 167.0)","(1.1458333730698, 1.1999999455043202, 1.1458333730698)","(167, 99, 133)","[0, 1, 2, 3, 4]",True,True,True,False
Internal/imaging/Fontan 30.nrrd,internal,False,"(56.0, 63.0, 72.0)","(2.75, 2.375, 2.375)","(72, 63, 56)",1,16-bit unsigned integer,Internal/labels_standardized/Fontan 30 Segmentation.seg.nrrd,"(56.0, 63.0, 72.0)","(2.75, 2.375, 2.375)","(72, 63, 56)","[0, 1, 2, 3, 4]",True,True,True,False
Internal/imaging/Fontan 32.nrrd,internal,False,"(112.0, 160.0, 60.0)","(1.7500000000000004, 1.7500000000000004, 1.8000000000000003)","(60, 160, 112)",1,16-bit unsigned integer,Internal/labels_standardized/Fontan 32 Segmentation.seg.nrrd,"(112.0, 160.0, 60.0)","(1.7500000000000004, 1.7500000000000004, 1.8000000000000003)","(60, 160, 112)","[0, 1, 2, 3, 4]",True,True,True,False
Internal/imaging/Fontan 33.nrrd,internal,False,"(120.0, 160.0, 56.0)","(2.25, 2.25, 2.75)","(56, 160, 120)",1,16-bit unsigned integer,Internal/labels_standardized/Fontan 33 Segmentation.seg.nrrd,"(120.0, 160.0, 56.0)","(2.25, 2.25, 2.75)","(56, 160, 120)","[0, 1, 2, 3, 4]",True,True,True,False
Internal/imaging/Fontan 34.nrrd,internal,False,"(112.0, 160.0, 64.0)","(1.75, 1.75, 1.7999999523162855)","(64, 160, 112)",1,16-bit unsigned integer,Internal/labels_standardized/Fontan 34 Segmentation.seg.nrrd,"(112.0, 160.0, 64.0)","(1.75, 1.75, 1.7999999523162855)","(64, 160, 112)","[0, 1, 2, 3, 4]",True,True,True,False
Internal/imaging/Fontan 37.nrrd,internal,False,"(120.0, 160.0, 44.0)","(2.375, 2.375, 2.75)","(44, 160, 120)",1,16-bit unsigned integer,Internal/labels_standardized/Fontan 37 Segmentation.seg.nrrd,"(120.0, 160.0, 44.0)","(2.375, 2.375, 2.75)","(44, 160, 120)","[0, 1, 2, 3, 4]",True,True,True,False
Internal/imaging/Fontan 39.nrrd,internal,False,"(120.0, 160.0, 56.0)","(2.2500000000000004, 2.2500000000000004, 2.7500000000000364)","(56, 160, 120)",1,16-bit unsigned integer,Internal/labels_standardized/Fontan 39 Segmentation.seg.nrrd,"(120.0, 160.0, 56.0)","(2.2500000000000004, 2.2500000000000004, 2.7500000000000364)","(56, 160, 120)","[0, 1, 2, 3, 4]",True,True,True,False
Internal/imaging/Fontan 40.nrrd,internal,False,"(120.0, 160.0, 64.0)","(2.625, 2.625, 2.7499999999999685)","(64, 160, 120)",1,16-bit unsigned integer,Internal/labels_standardized/Fontan 40 Segmentation.seg.nrrd,"(120.0, 160.0, 64.0)","(2.625, 2.625, 2.7499999999999685)","(64, 160, 120)","[0, 1, 2, 3, 4]",True,True,True,False
Internal/imaging/Fontan 41.nrrd,internal,False,"(120.0, 160.0, 48.0)","(2.375, 2.375, 2.75)","(48, 160, 120)",1,16-bit unsigned integer,Internal/labels_standardized/Fontan 41 Segmentation.seg.nrrd,"(120.0, 160.0, 48.0)","(2.375, 2.375, 2.75)","(48, 160, 120)","[0, 1, 2, 3, 4]",True,True,True,False
Internal/imaging/Fontan 42.nrrd,internal,False,"(288.0, 384.0, 96.0)","(1.1458333730697998, 1.1458333730697998, 1.3999999364217164)","(96, 384, 288)",1,16-bit unsigned integer,Internal/labels_standardized/Fontan 42 Segmentation.seg.nrrd,"(288.0, 384.0, 96.0)","(1.1458333730697998, 1.1458333730697998, 1.3999999364217164)","(96, 384, 288)","[0, 1, 2, 3, 4]",True,True,True,False
Internal/imaging/Fontan 43.nrrd,internal,False,"(120.0, 160.0, 52.0)","(1.874999999999999, 1.8750000000000018, 2.0000000000000124)","(52, 160, 120)",1,16-bit unsigned integer,Internal/labels_standardized/Fontan 43 Segmentation.seg.nrrd,"(120.0, 160.0, 52.0)","(1.874999999999999, 1.8750000000000018, 2.0000000000000124)","(52, 160, 120)","[0, 1, 2, 3, 4]",True,True,True,False
Internal/imaging/Fontan 44.nrrd,internal,False,"(112.0, 160.0, 60.0)","(1.7500000000000004, 1.7500000000000004, 1.8000000000000003)","(60, 160, 112)",1,16-bit unsigned integer,Internal/labels_standardized/Fontan 44 Segmentation.seg.nrrd,"(112.0, 160.0, 60.0)","(1.7500000000000004, 1.7500000000000004, 1.8000000000000003)","(60, 160, 112)","[0, 1, 2, 3, 4]",True,True,True,False
Internal/imaging/Fontan 46.nrrd,internal,False,"(112.0, 160.0, 60.0)","(1.7500000000000004, 1.7500000000000004, 1.8000000000000003)","(60, 160, 112)",1,16-bit unsigned integer,Internal/labels_standardized/Fontan 46 Segmentation.seg.nrrd,"(112.0, 160.0, 60.0)","(1.7500000000000004, 1.7500000000000004, 1.8000000000000003)","(60, 160, 112)","[0, 1, 2, 3, 4]",True,True,True,False
Internal/imaging/Fontan 47.nrrd,internal,False,"(120.0, 160.0, 52.0)","(2.375, 2.375, 2.75)","(52, 160, 120)",1,16-bit unsigned integer,Internal/labels_standardized/Fontan 47 Segmentation.seg.nrrd,"(120.0, 160.0, 52.0)","(2.375, 2.375, 2.75)","(52, 160, 120)","[0, 1, 2, 3, 4]",True,True,True,False
Internal/imaging/Fontan 49.nrrd,internal,False,"(120.0, 160.0, 44.0)","(2.375, 2.375, 2.75)","(44, 160, 120)",1,16-bit unsigned integer,Internal/labels_standardized/Fontan 49 Segmentation.seg.nrrd,"(120.0, 160.0, 44.0)","(2.375, 2.375, 2.75)","(44, 160, 120)","[0, 1, 2, 3, 4]",True,True,True,False
Internal/imaging/Fontan 52.nrrd,internal,False,"(120.0, 160.0, 52.0)","(2.375, 2.375, 2.75)","(52, 160, 120)",1,16-bit unsigned integer,Internal/labels_standardized/Fontan 52 Segmentation.seg.nrrd,"(120.0, 160.0, 52.0)","(2.375, 2.375, 2.75)","(52, 160, 120)","[0, 1, 2, 3, 4]",True,True,True,False
Internal/imaging/Fontan 53.nrrd,internal,False,"(120.0, 160.0, 60.0)","(2.375, 2.375, 2.75)","(60, 160, 120)",1,16-bit unsigned integer,Internal/labels_standardized/Fontan 53 Segmentation.seg.nrrd,"(120.0, 160.0, 60.0)","(2.375, 2.375, 2.75)","(60, 160, 120)","[0, 1, 2, 3, 4]",True,True,True,False
Internal/imaging/Fontan 54.nrrd,internal,False,"(112.0, 160.0, 56.0)","(1.7499999999999998, 1.7499999999999998, 1.8000000544956722)","(56, 160, 112)",1,16-bit unsigned integer,Internal/labels_standardized/Fontan 54 Segmentation.seg.nrrd,"(112.0, 160.0, 56.0)","(1.7499999999999998, 1.7499999999999998, 1.8000000544956722)","(56, 160, 112)","[0, 1, 2, 3, 4]",True,True,True,False
Internal/imaging/Fontan 75.nrrd,internal,False,"(120.0, 160.0, 60.0)","(2.25, 2.25, 2.75)","(60, 160, 120)",1,16-bit unsigned integer,Internal/labels_standardized/Fontan 75 Segmentation.seg.nrrd,"(120.0, 160.0, 60.0)","(2.25, 2.25, 2.75)","(60, 160, 120)","[0, 1, 2, 3, 4]",True,True,True,False
Internal/imaging/Fontan 76.nrrd,internal,False,"(120.0, 160.0, 52.0)","(2.25, 2.25, 2.75)","(52, 160, 120)",1,16-bit unsigned integer,Internal/labels_standardized/Fontan 76 Segmentation.seg.nrrd,"(120.0, 160.0, 52.0)","(2.25, 2.25, 2.75)","(52, 160, 120)","[0, 1, 2, 3, 4]",True,True,True,False
Internal/imaging/Fontan 77.nrrd,internal,False,"(120.0, 160.0, 60.0)","(2.25, 2.25, 2.7500000000000164)","(60, 160, 120)",1,16-bit unsigned integer,Internal/labels_standardized/Fontan 77 Segmentation.seg.nrrd,"(120.0, 160.0, 60.0)","(2.25, 2.25, 2.7500000000000164)","(60, 160, 120)","[0, 1, 2, 3, 4]",True,True,True,False
Internal/imaging/Fontan 78.nrrd,internal,False,"(120.0, 160.0, 72.0)","(2.625, 2.625, 2.7500000000000426)","(72, 160, 120)",1,16-bit unsigned integer,Internal/labels_standardized/Fontan 78 Segmentation.seg.nrrd,"(120.0, 160.0, 72.0)","(2.625, 2.625, 2.7500000000000426)","(72, 160, 120)","[0, 1, 2, 3, 4]",True,True,True,False
Internal/imaging/Fontan 79.nrrd,internal,False,"(120.0, 160.0, 72.0)","(1.875, 1.875, 1.8000000847710562)","(72, 160, 120)",1,16-bit unsigned integer,Internal/labels_standardized/Fontan 79 Segmentation.seg.nrrd,"(120.0, 160.0, 72.0)","(1.875, 1.875, 1.8000000847710562)","(72, 160, 120)","[0, 1, 2, 3, 4]",True,True,True,False
Internal/imaging/Fontan 80.nrrd,internal,False,"(120.0, 160.0, 64.0)","(1.75, 1.75, 1.7999999523162855)","(64, 160, 120)",1,16-bit unsigned integer,Internal/labels_standardized/Fontan 80 Segmentation.seg.nrrd,"(120.0, 160.0, 64.0)","(1.75, 1.75, 1.7999999523162855)","(64, 160, 120)","[0, 1, 2, 3, 4]",True,True,True,False
Internal/imaging/Fontan 81.nrrd,internal,False,"(384.0, 264.0, 104.0)","(0.88541668653488, 0.88541668653488, 1.2000000293438255)","(104, 264, 384)",1,16-bit unsigned integer,Internal/labels_standardized/Fontan 81 Segmentation.seg.nrrd,"(384.0, 264.0, 104.0)","(0.88541668653488, 0.88541668653488, 1.2000000293438255)","(104, 264, 384)","[0, 1, 2, 3, 4]",True,True,True,False
Internal/imaging/Fontan 82.nrrd,internal,False,"(120.0, 160.0, 56.0)","(2.2500000000000004, 2.2500000000000004, 2.7500000000000364)","(56, 160, 120)",1,16-bit unsigned integer,Internal/labels_standardized/Fontan 82 Segmentation.seg.nrrd,"(120.0, 160.0, 56.0)","(2.2500000000000004, 2.2500000000000004, 2.7500000000000364)","(56, 160, 120)","[0, 1, 2, 3, 4]",True,True,True,False
Internal/imaging/Fontan 83.nrrd,internal,False,"(120.0, 160.0, 64.0)","(1.75, 1.75, 1.7999999523162855)","(64, 160, 120)",1,16-bit unsigned integer,Internal/labels_standardized/Fontan 83 Segmentation.seg.nrrd,"(120.0, 160.0, 64.0)","(1.75, 1.75, 1.7999999523162855)","(64, 160, 120)","[0, 1, 2, 3, 4]",True,True,True,False
Internal/imaging/Fontan 84.nrrd,internal,False,"(384.0, 264.0, 104.0)","(0.8854166865348799, 0.8854166865348799, 1.59999994131235)","(104, 264, 384)",1,16-bit unsigned integer,Internal/labels_standardized/Fontan 84 Segmentation.seg.nrrd,"(384.0, 264.0, 104.0)","(0.8854166865348799, 0.8854166865348799, 1.59999994131235)","(104, 264, 384)","[0, 1, 2, 3, 4]",True,True,True,False
Internal/imaging/Fontan 85.nrrd,internal,False,"(120.0, 160.0, 64.0)","(1.7499999999999998, 1.75, 1.7999999523162806)","(64, 160, 120)",1,16-bit unsigned integer,Internal/labels_standardized/Fontan 85 Segmentation.seg.nrrd,"(120.0, 160.0, 64.0)","(1.7499999999999998, 1.75, 1.7999999523162806)","(64, 160, 120)","[0, 1, 2, 3, 4]",True,True,True,False
Internal/imaging/Fontan 86.nrrd,internal,False,"(120.0, 160.0, 60.0)","(2.5000000000000004, 2.5000000000000004, 2.750000000000001)","(60, 160, 120)",1,16-bit unsigned integer,Internal/labels_standardized/Fontan 86 Segmentation.seg.nrrd,"(120.0, 160.0, 60.0)","(2.5000000000000004, 2.5000000000000004, 2.750000000000001)","(60, 160, 120)","[0, 1, 2, 3, 4]",True,True,True,False
Internal/imaging/Fontan 87.nrrd,internal,False,"(120.0, 160.0, 56.0)","(2.0, 2.0, 2.199999945504327)","(56, 160, 120)",1,16-bit unsigned integer,Internal/labels_standardized/Fontan 87 Segmentation.seg.nrrd,"(120.0, 160.0, 56.0)","(2.0, 2.0, 2.199999945504327)","(56, 160, 120)","[0, 1, 2, 3, 4]",True,True,True,False
Internal/imaging/Fontan 88.nrrd,internal,False,"(120.0, 160.0, 56.0)","(2.25, 2.25, 2.75)","(56, 160, 120)",1,16-bit unsigned integer,Internal/labels_standardized/Fontan 88 Segmentation.seg.nrrd,"(120.0, 160.0, 56.0)","(2.25, 2.25, 2.75)","(56, 160, 120)","[0, 1, 2, 3, 4]",True,True,True,False
Internal/imaging/Fontan 90.nrrd,internal,False,"(120.0, 160.0, 56.0)","(2.25, 2.25, 2.7500000000000187)","(56, 160, 120)",1,16-bit unsigned integer,Internal/labels_standardized/Fontan 90 Segmentation.seg.nrrd,"(120.0, 160.0, 56.0)","(2.25, 2.25, 2.7500000000000187)","(56, 160, 120)","[0, 1, 2, 3, 4]",True,True,True,False
Internal/imaging/Fontan 91.nrrd,internal,False,"(120.0, 160.0, 56.0)","(2.25, 2.25, 2.75)","(56, 160, 120)",1,16-bit unsigned integer,Internal/labels_standardized/Fontan 91 Segmentation.seg.nrrd,"(120.0, 160.0, 56.0)","(2.25, 2.25, 2.75)","(56, 160, 120)","[0, 1, 2, 3, 4]",True,True,True,False
Internal/imaging/Fontan 92.nrrd,internal,False,"(120.0, 160.0, 60.0)","(1.7500000000000004, 1.7500000000000004, 1.8000000000000003)","(60, 160, 120)",1,16-bit unsigned integer,Internal/labels_standardized/Fontan 92 Segmentation.seg.nrrd,"(120.0, 160.0, 60.0)","(1.7500000000000004, 1.7500000000000004, 1.8000000000000003)","(60, 160, 120)","[0, 1, 2, 3, 4]",True,True,True,False
Internal/imaging/Fontan 93.nrrd,internal,False,"(120.0, 160.0, 64.0)","(1.75, 1.75, 1.7999999523162855)","(64, 160, 120)",1,16-bit unsigned integer,Internal/labels_standardized/Fontan 93 Segmentation.seg.nrrd,"(120.0, 160.0, 64.0)","(1.75, 1.75, 1.7999999523162855)","(64, 160, 120)","[0, 1, 2, 3, 4]",True,True,True,False
Internal/imaging/Fontan 95.nrrd,internal,False,"(120.0, 160.0, 56.0)","(2.25, 2.25, 2.75)","(56, 160, 120)",1,16-bit unsigned integer,Internal/labels_standardized/Fontan 95 Segmentation.seg.nrrd,"(120.0, 160.0, 56.0)","(2.25, 2.25, 2.75)","(56, 160, 120)","[0, 1, 2, 3, 4]",True,True,True,False
Internal/imaging/Fontan 99.nrrd,internal,False,"(120.0, 160.0, 56.0)","(2.25, 2.25, 2.75)","(56, 160, 120)",1,16-bit unsigned integer,Internal/labels_standardized/Fontan 99 Segmentation.seg.nrrd,"(120.0, 160.0, 56.0)","(2.25, 2.25, 2.75)","(56, 160, 120)","[0, 1, 2, 3, 4]",True,True,True,False
Internal/imaging/PreFontan 01.nrrd,internal,False,"(54.0, 55.0, 66.0)","(1.7999999999999998, 1.75, 1.75)","(66, 55, 54)",1,16-bit unsigned integer,Internal/labels_standardized/PreFontan 01 Segmentation.seg.nrrd,"(54.0, 55.0, 66.0)","(1.7999999999999998, 1.75, 1.75)","(66, 55, 54)","[0, 1, 2, 3, 4]",True,True,True,False
Internal/imaging/PreFontan 02.nrrd,internal,False,"(60.0, 48.0, 81.0)","(1.7999999999999998, 1.75, 1.75)","(81, 48, 60)",1,16-bit unsigned integer,Internal/labels_standardized/PreFontan 02 Segmentation.seg.nrrd,"(60.0, 48.0, 81.0)","(1.7999999999999998, 1.75, 1.75)","(81, 48, 60)","[0, 1, 2, 3, 4]",True,True,True,False
Internal/imaging/PreFontan 03.nrrd,internal,False,"(64.0, 58.0, 78.0)","(1.79999995231629, 1.75, 1.75)","(78, 58, 64)",1,16-bit unsigned integer,Internal/labels_standardized/PreFontan 03 Segmentation.seg.nrrd,"(64.0, 58.0, 78.0)","(1.79999995231629, 1.75, 1.75)","(78, 58, 64)","[0, 1, 2, 3, 4]",True,True,True,False
Internal/imaging/PreFontan 04.nrrd,internal,False,"(50.0, 62.0, 56.0)","(1.7499999999999993, 1.7500000000000002, 1.8000000544956694)","(56, 62, 50)",1,16-bit unsigned integer,Internal/labels_standardized/PreFontan 04 Segmentation.seg.nrrd,"(50.0, 62.0, 56.0)","(1.7499999999999993, 1.7500000000000002, 1.8000000544956694)","(56, 62, 50)","[0, 1, 2, 3, 4]",True,True,True,False
Internal/imaging/PreFontan 05.nrrd,internal,False,"(64.0, 53.0, 71.0)","(1.79999995231627, 1.75, 1.75)","(71, 53, 64)",1,16-bit unsigned integer,Internal/labels_standardized/PreFontan 05 Segmentation.seg.nrrd,"(64.0, 53.0, 71.0)","(1.79999995231627, 1.75, 1.75)","(71, 53, 64)","[0, 1, 2, 3, 4]",True,True,True,False
Internal/imaging/PreFontan 06.nrrd,internal,False,"(49.0, 52.0, 59.0)","(1.79999997065618, 1.75, 1.75)","(59, 52, 49)",1,16-bit unsigned integer,Internal/labels_standardized/PreFontan 06 Segmentation.seg.nrrd,"(49.0, 52.0, 59.0)","(1.79999997065618, 1.75, 1.75)","(59, 52, 49)","[0, 1, 2, 3, 4]",True,True,True,False
Internal/imaging/PreFontan 07.nrrd,internal,False,"(48.0, 58.0, 79.0)","(1.8000000317891502, 1.7500000000000002, 1.7500000000000002)","(79, 58, 48)",1,16-bit unsigned integer,Internal/labels_standardized/PreFontan 07 Segmentation.seg.nrrd,"(48.0, 58.0, 79.0)","(1.8000000317891502, 1.7500000000000002, 1.7500000000000002)","(79, 58, 48)","[0, 1, 2, 3, 4]",True,True,True,False
Internal/imaging/PreFontan 09.nrrd,internal,False,"(60.0, 46.0, 67.0)","(1.7999999999999998, 1.75, 1.75)","(67, 46, 60)",1,16-bit unsigned integer,Internal/labels_standardized/PreFontan 09 Segmentation.seg.nrrd,"(60.0, 46.0, 67.0)","(1.7999999999999998, 1.75, 1.75)","(67, 46, 60)","[0, 1, 2, 3, 4]",True,True,True,False
Internal/imaging/PreFontan 11.nrrd,internal,False,"(54.0, 57.0, 64.0)","(1.79999995231627, 1.75, 1.75)","(64, 57, 54)",1,16-bit unsigned integer,Internal/labels_standardized/PreFontan 11 Segmentation.seg.nrrd,"(54.0, 57.0, 64.0)","(1.79999995231627, 1.75, 1.75)","(64, 57, 54)","[0, 1, 2, 3, 4]",True,True,True,False
Internal/imaging/PreFontan 12.nrrd,internal,False,"(50.0, 47.0, 62.0)","(1.8000000544956698, 1.7499999999999996, 1.7499999999999996)","(62, 47, 50)",1,16-bit unsigned integer,Internal/labels_standardized/PreFontan 12 Segmentation.seg.nrrd,"(50.0, 47.0, 62.0)","(1.8000000544956698, 1.7499999999999996, 1.7499999999999996)","(62, 47, 50)","[0, 1, 2, 3, 4]",True,True,True,False
Internal/imaging/PreFontan 13.nrrd,internal,False,"(52.0, 44.0, 62.0)","(1.7999999999999998, 1.75, 1.75)","(62, 44, 52)",1,16-bit unsigned integer,Internal/labels_standardized/PreFontan 13 Segmentation.seg.nrrd,"(52.0, 44.0, 62.0)","(1.7999999999999998, 1.75, 1.75)","(62, 44, 52)","[0, 1, 2, 3, 4]",True,True,True,False
Internal/imaging/PreFontan 14.nrrd,internal,False,"(49.0, 51.0, 66.0)","(1.79999997065618, 1.75, 1.75)","(66, 51, 49)",1,16-bit unsigned integer,Internal/labels_standardized/PreFontan 14 Segmentation.seg.nrrd,"(49.0, 51.0, 66.0)","(1.79999997065618, 1.75, 1.75)","(66, 51, 49)","[0, 1, 2, 3, 4]",True,True,True,False
Internal/imaging/PreFontan 15.nrrd,internal,False,"(49.0, 37.0, 62.0)","(1.8000000544956698, 1.7499999999999996, 1.7499999999999996)","(62, 37, 49)",1,16-bit unsigned integer,Internal/labels_standardized/PreFontan 15 Segmentation.seg.nrrd,"(49.0, 37.0, 62.0)","(1.8000000544956698, 1.7499999999999996, 1.7499999999999996)","(62, 37, 49)","[0, 1, 2, 3, 4]",True,True,True,False
Internal/imaging/PreFontan 16.nrrd,internal,False,"(60.0, 55.0, 66.0)","(1.7999999999999998, 1.75, 1.75)","(66, 55, 60)",1,16-bit unsigned integer,Internal/labels_standardized/PreFontan 16 Segmentation.seg.nrrd,"(60.0, 55.0, 66.0)","(1.7999999999999998, 1.75, 1.75)","(66, 55, 60)","[0, 1, 2, 3, 4]",True,True,True,False
Internal/imaging/PreFontan 17.nrrd,internal,False,"(43.0, 45.0, 58.0)","(1.79999997065618, 1.75, 1.75)","(58, 45, 43)",1,16-bit unsigned integer,Internal/labels_standardized/PreFontan 17 Segmentation.seg.nrrd,"(43.0, 45.0, 58.0)","(1.79999997065618, 1.75, 1.75)","(58, 45, 43)","[0, 1, 2, 3, 4]",True,True,True,False
Internal/imaging/PreFontan 18.nrrd,internal,False,"(56.0, 47.0, 64.0)","(1.8000000544956698, 1.7499999999999998, 1.7499999999999998)","(64, 47, 56)",1,16-bit unsigned integer,Internal/labels_standardized/PreFontan 18 Segmentation.seg.nrrd,"(56.0, 47.0, 64.0)","(1.8000000544956698, 1.7499999999999998, 1.7499999999999998)","(64, 47, 56)","[0, 1, 2, 3, 4]",True,True,True,False
Internal/imaging/PreFontan 19.nrrd,internal,False,"(43.0, 42.0, 56.0)","(1.8000000317891502, 1.7500000000000002, 1.7500000000000002)","(56, 42, 43)",1,16-bit unsigned integer,Internal/labels_standardized/PreFontan 19 Segmentation.seg.nrrd,"(43.0, 42.0, 56.0)","(1.8000000317891502, 1.7500000000000002, 1.7500000000000002)","(56, 42, 43)","[0, 1, 2, 3, 4]",True,True,True,False
Internal/imaging/PreFontan 20.nrrd,internal,False,"(47.0, 46.0, 65.0)","(1.8000000544956698, 1.7499999999999996, 1.7499999999999996)","(65, 46, 47)",1,16-bit unsigned integer,Internal/labels_standardized/PreFontan 20 Segmentation.seg.nrrd,"(47.0, 46.0, 65.0)","(1.8000000544956698, 1.7499999999999996, 1.7499999999999996)","(65, 46, 47)","[0, 1, 2, 3, 4]",True,True,True,False
Internal/imaging/PreFontan 21.nrrd,internal,False,"(66.0, 56.0, 79.0)","(1.29999995231627, 1.2499999999999998, 1.2499999999999998)","(79, 56, 66)",1,16-bit unsigned integer,Internal/labels_standardized/PreFontan 21 Segmentation.seg.nrrd,"(66.0, 56.0, 79.0)","(1.29999995231627, 1.2499999999999998, 1.2499999999999998)","(79, 56, 66)","[0, 1, 2, 3, 4]",True,True,True,False
Internal/imaging/PreFontan 22.nrrd,internal,False,"(57.0, 50.0, 64.0)","(1.79999995231629, 1.75, 1.75)","(64, 50, 57)",1,16-bit unsigned integer,Internal/labels_standardized/PreFontan 22 Segmentation.seg.nrrd,"(57.0, 50.0, 64.0)","(1.79999995231629, 1.75, 1.75)","(64, 50, 57)","[0, 1, 2, 3, 4]",True,True,True,False
Internal/imaging/PreFontan 23.nrrd,internal,False,"(52.0, 48.0, 62.0)","(1.79999997065618, 1.75, 1.75)","(62, 48, 52)",1,16-bit unsigned integer,Internal/labels_standardized/PreFontan 23 Segmentation.seg.nrrd,"(52.0, 48.0, 62.0)","(1.79999997065618, 1.75, 1.75)","(62, 48, 52)","[0, 1, 2, 3, 4]",True,True,True,False
Internal/imaging/PreFontan 24.nrrd,internal,False,"(63.0, 58.0, 79.0)","(1.29999997880724, 1.25, 1.25)","(79, 58, 63)",1,16-bit unsigned integer,Internal/labels_standardized/PreFontan 24 Segmentation.seg.nrrd,"(63.0, 58.0, 79.0)","(1.29999997880724, 1.25, 1.25)","(79, 58, 63)","[0, 1, 2, 3, 4]",True,True,True,False
Internal/imaging/PreFontan 25.nrrd,internal,False,"(56.0, 51.0, 70.0)","(1.8000000544956896, 1.7500000000000004, 1.7500000000000004)","(70, 51, 56)",1,16-bit unsigned integer,Internal/labels_standardized/PreFontan 25 Segmentation.seg.nrrd,"(56.0, 51.0, 70.0)","(1.8000000544956896, 1.7500000000000004, 1.7500000000000004)","(70, 51, 56)","[0, 1, 2, 3, 4]",True,True,True,False
Internal/imaging/PreFontan 26.nrrd,internal,False,"(57.0, 58.0, 68.0)","(1.8000000544956896, 1.7500000000000004, 1.7500000000000004)","(68, 58, 57)",1,16-bit unsigned integer,Internal/labels_standardized/PreFontan 26 Segmentation.seg.nrrd,"(57.0, 58.0, 68.0)","(1.8000000544956896, 1.7500000000000004, 1.7500000000000004)","(68, 58, 57)","[0, 1, 2, 3, 4]",True,True,True,False
Internal/imaging/PreFontan 27.nrrd,internal,False,"(66.0, 66.0, 86.0)","(1.29999997880724, 1.2499999999999998, 1.2499999999999998)","(86, 66, 66)",1,16-bit unsigned integer,Internal/labels_standardized/PreFontan 27 Segmentation.seg.nrrd,"(66.0, 66.0, 86.0)","(1.29999997880724, 1.2499999999999998, 1.2499999999999998)","(86, 66, 66)","[0, 1, 2, 3, 4]",True,True,True,False
Internal/imaging/PreFontan 28.nrrd,internal,False,"(52.0, 44.0, 61.0)","(1.79999997065618, 1.75, 1.75)","(61, 44, 52)",1,16-bit unsigned integer,Internal/labels_standardized/PreFontan 28 Segmentation.seg.nrrd,"(52.0, 44.0, 61.0)","(1.79999997065618, 1.75, 1.75)","(61, 44, 52)","[0, 1, 2, 3, 4]",True,True,True,False
Internal/imaging/PreFontan 29.nrrd,internal,False,"(64.0, 74.0, 86.0)","(1.29999995231629, 1.2499999999999998, 1.2499999999999998)","(86, 74, 64)",1,16-bit unsigned integer,Internal/labels_standardized/PreFontan 29 Segmentation.seg.nrrd,"(64.0, 74.0, 86.0)","(1.29999995231629, 1.2499999999999998, 1.2499999999999998)","(86, 74, 64)","[0, 1, 2, 3, 4]",True,True,True,False
Internal/imaging/PreFontan 30.nrrd,internal,False,"(97.0, 72.0, 94.0)","(0.90909093618393, 0.999999999999996, 0.90909093618393)","(94, 72, 97)",1,16-bit unsigned integer,Internal/labels_standardized/PreFontan 30 Segmentation.seg.nrrd,"(97.0, 72.0, 94.0)","(0.90909093618393, 0.999999999999996, 0.90909093618393)","(94, 72, 97)","[0, 1, 2, 3, 4]",True,True,True,False
Internal/imaging/PreFontan 31.nrrd,internal,False,"(42.0, 42.0, 57.0)","(1.79999997065618, 1.75, 1.75)","(57, 42, 42)",1,16-bit unsigned integer,Internal/labels_standardized/PreFontan 31 Segmentation.seg.nrrd,"(42.0, 42.0, 57.0)","(1.79999997065618, 1.75, 1.75)","(57, 42, 42)","[0, 1, 2, 3, 4]",True,True,True,False
Internal/imaging/PreFontan 32.nrrd,internal,False,"(264.0, 352.0, 88.0)","(1.0227272510529, 1.0227272510529002, 1.1999999826604666)","(88, 352, 264)",1,16-bit unsigned integer,Internal/labels_standardized/PreFontan 32 Segmentation.seg.nrrd,"(264.0, 352.0, 88.0)","(1.0227272510529, 1.0227272510529002, 1.1999999826604666)","(88, 352, 264)","[0, 1, 2, 3, 4]",True,True,True,False
Internal/imaging/PreFontan 33.nrrd,internal,False,"(48.0, 48.0, 64.0)","(1.8000000544956698, 1.7499999999999998, 1.7499999999999998)","(64, 48, 48)",1,16-bit unsigned integer,Internal/labels_standardized/PreFontan 33 Segmentation.seg.nrrd,"(48.0, 48.0, 64.0)","(1.8000000544956698, 1.7499999999999998, 1.7499999999999998)","(64, 48, 48)","[0, 1, 2, 3, 4]",True,True,True,False
Internal/imaging/PreFontan 34.nrrd,internal,False,"(83.0, 68.0, 109.0)","(1.25, 1.25, 1.25)","(109, 68, 83)",1,16-bit unsigned integer,Internal/labels_standardized/PreFontan 34 Segmentation.seg.nrrd,"(83.0, 68.0, 109.0)","(1.25, 1.25, 1.25)","(109, 68, 83)","[0, 1, 2, 3, 4]",True,True,True,False
Internal/imaging/PreFontan 35.nrrd,internal,False,"(60.0, 55.0, 83.0)","(1.2999999999999996, 1.2499999999999998, 1.2499999999999998)","(83, 55, 60)",1,16-bit unsigned integer,Internal/labels_standardized/PreFontan 35 Segmentation.seg.nrrd,"(60.0, 55.0, 83.0)","(1.2999999999999996, 1.2499999999999998, 1.2499999999999998)","(83, 55, 60)","[0, 1, 2, 3, 4]",True,True,True,False
Internal/imaging/PreFontan 36.nrrd,internal,False,"(56.0, 60.0, 81.0)","(1.4999999999999998, 1.2499999999999998, 1.2499999999999998)","(81, 60, 56)",1,16-bit unsigned integer,Internal/labels_standardized/PreFontan 36 Segmentation.seg.nrrd,"(56.0, 60.0, 81.0)","(1.4999999999999998, 1.2499999999999998, 1.2499999999999998)","(81, 60, 56)","[0, 1, 2, 3, 4]",True,True,True,False
Internal/imaging/PreFontan 37.nrrd,internal,False,"(52.0, 54.0, 62.0)","(1.7999999999999998, 1.75, 1.75)","(62, 54, 52)",1,16-bit unsigned integer,Internal/labels_standardized/PreFontan 37 Segmentation.seg.nrrd,"(52.0, 54.0, 62.0)","(1.7999999999999998, 1.75, 1.75)","(62, 54, 52)","[0, 1, 2, 3, 4]",True,True,True,False
Internal/imaging/PreFontan 38.nrrd,internal,False,"(74.0, 72.0, 114.0)","(1.25, 1.25, 1.25)","(114, 72, 74)",1,16-bit unsigned integer,Internal/labels_standardized/PreFontan 38 Segmentation.seg.nrrd,"(74.0, 72.0, 114.0)","(1.25, 1.25, 1.25)","(114, 72, 74)","[0, 1, 2, 3, 4]",True,True,True,False
Internal/imaging/PreFontan 39.nrrd,internal,False,"(56.0, 52.0, 66.0)","(1.8000000544956698, 1.7499999999999998, 1.7499999999999998)","(66, 52, 56)",1,16-bit unsigned integer,Internal/labels_standardized/PreFontan 39 Segmentation.seg.nrrd,"(56.0, 52.0, 66.0)","(1.8000000544956698, 1.7499999999999998, 1.7499999999999998)","(66, 52, 56)","[0, 1, 2, 3, 4]",True,True,True,False
Internal/imaging/PreFontan 40.nrrd,internal,False,"(52.0, 49.0, 61.0)","(1.79999997065618, 1.75, 1.75)","(61, 49, 52)",1,16-bit unsigned integer,Internal/labels_standardized/PreFontan 40 Segmentation.seg.nrrd,"(52.0, 49.0, 61.0)","(1.79999997065618, 1.75, 1.75)","(61, 49, 52)","[0, 1, 2, 3, 4]",True,True,True,False
Internal/imaging/PreFontan 41.nrrd,internal,False,"(61.0, 60.0, 86.0)","(1.7500000000000004, 1.7500000000000004, 1.7500000000000004)","(86, 60, 61)",1,16-bit unsigned integer,Internal/labels_standardized/PreFontan 41 Segmentation.seg.nrrd,"(61.0, 60.0, 86.0)","(1.7500000000000004, 1.7500000000000004, 1.7500000000000004)","(86, 60, 61)","[0, 1, 2, 3, 4]",True,True,True,False
Internal/imaging/PreFontan 42.nrrd,internal,False,"(42.0, 40.0, 54.0)","(1.8000000317891502, 1.7500000000000002, 1.7500000000000002)","(54, 40, 42)",1,16-bit unsigned integer,Internal/labels_standardized/PreFontan 42 Segmentation.seg.nrrd,"(42.0, 40.0, 54.0)","(1.8000000317891502, 1.7500000000000002, 1.7500000000000002)","(54, 40, 42)","[0, 1, 2, 3, 4]",True,True,True,False
Internal/imaging/PreFontan 43.nrrd,internal,False,"(76.0, 66.0, 110.0)","(1.25, 1.25, 1.25)","(110, 66, 76)",1,16-bit unsigned integer,Internal/labels_standardized/PreFontan 43 Segmentation.seg.nrrd,"(76.0, 66.0, 110.0)","(1.25, 1.25, 1.25)","(110, 66, 76)","[0, 1, 2, 3, 4]",True,True,True,False
Internal/imaging/PreFontan 44.nrrd,internal,False,"(56.0, 52.0, 62.0)","(1.8000000544956698, 1.7499999999999998, 1.7499999999999998)","(62, 52, 56)",1,16-bit unsigned integer,Internal/labels_standardized/PreFontan 44 Segmentation.seg.nrrd,"(56.0, 52.0, 62.0)","(1.8000000544956698, 1.7499999999999998, 1.7499999999999998)","(62, 52, 56)","[0, 1, 2, 3, 4]",True,True,True,False
Internal/imaging/PreFontan 45.nrrd,internal,False,"(66.0, 56.0, 75.0)","(1.25, 1.25, 1.25)","(75, 56, 66)",1,16-bit unsigned integer,Internal/labels_standardized/PreFontan 45 Segmentation.seg.nrrd,"(66.0, 56.0, 75.0)","(1.25, 1.25, 1.25)","(75, 56, 66)","[0, 1, 2, 3, 4]",True,True,True,False
Internal/imaging/PreFontan 46.nrrd,internal,False,"(57.0, 52.0, 87.0)","(1.7500000000000004, 1.7500000000000004, 1.7500000000000004)","(87, 52, 57)",1,16-bit unsigned integer,Internal/labels_standardized/PreFontan 46 Segmentation.seg.nrrd,"(57.0, 52.0, 87.0)","(1.7500000000000004, 1.7500000000000004, 1.7500000000000004)","(87, 52, 57)","[0, 1, 2, 3, 4]",True,True,True,False
Internal/imaging/PreFontan 47.nrrd,internal,False,"(57.0, 55.0, 65.0)","(1.7500000000000004, 1.7500000000000004, 1.7500000000000004)","(65, 55, 57)",1,16-bit unsigned integer,Internal/labels_standardized/PreFontan 47 Segmentation.seg.nrrd,"(57.0, 55.0, 65.0)","(1.7500000000000004, 1.7500000000000004, 1.7500000000000004)","(65, 55, 57)","[0, 1, 2, 3, 4]",True,True,True,False
Internal/imaging/PreFontan 48.nrrd,internal,False,"(65.0, 54.0, 75.0)","(1.7500000000000004, 1.7500000000000004, 1.7500000000000004)","(75, 54, 65)",1,16-bit unsigned integer,Internal/labels_standardized/PreFontan 48 Segmentation.seg.nrrd,"(65.0, 54.0, 75.0)","(1.7500000000000004, 1.7500000000000004, 1.7500000000000004)","(75, 54, 65)","[0, 1, 2, 3, 4]",True,True,True,False
Internal/imaging/PreFontan 49.nrrd,internal,False,"(65.0, 62.0, 87.0)","(1.7500000000000004, 1.7500000000000004, 1.7500000000000004)","(87, 62, 65)",1,16-bit unsigned integer,Internal/labels_standardized/PreFontan 49 Segmentation.seg.nrrd,"(65.0, 62.0, 87.0)","(1.7500000000000004, 1.7500000000000004, 1.7500000000000004)","(87, 62, 65)","[0, 1, 2, 3, 4]",True,True,True,False
Internal/imaging/PreFontan 50.nrrd,internal,False,"(60.0, 78.0, 99.0)","(1.4999999999999998, 1.25, 1.25)","(99, 78, 60)",1,16-bit unsigned integer,Internal/labels_standardized/PreFontan 50 Segmentation.seg.nrrd,"(60.0, 78.0, 99.0)","(1.4999999999999998, 1.25, 1.25)","(99, 78, 60)","[0, 1, 2, 3, 4]",True,True,True,False
Internal/imaging/PreFontan 51.nrrd,internal,False,"(61.0, 58.0, 91.0)","(1.7500000000000004, 1.7500000000000004, 1.7500000000000004)","(91, 58, 61)",1,16-bit unsigned integer,Internal/labels_standardized/PreFontan 51 Segmentation.seg.nrrd,"(61.0, 58.0, 91.0)","(1.7500000000000004, 1.7500000000000004, 1.7500000000000004)","(91, 58, 61)","[0, 1, 2, 3, 4]",True,True,True,False
Internal/imaging/PreFontan 53.nrrd,internal,False,"(65.0, 60.0, 88.0)","(1.7500000000000004, 1.7500000000000004, 1.7500000000000004)","(88, 60, 65)",1,16-bit unsigned integer,Internal/labels_standardized/PreFontan 53 Segmentation.seg.nrrd,"(65.0, 60.0, 88.0)","(1.7500000000000004, 1.7500000000000004, 1.7500000000000004)","(88, 60, 65)","[0, 1, 2, 3, 4]",True,True,True,False
Internal/imaging/PreFontan 54.nrrd,internal,False,"(120.0, 160.0, 60.0)","(1.7500000000000004, 1.7500000000000004, 1.8000000000000003)","(60, 160, 120)",1,16-bit unsigned integer,Internal/labels_standardized/PreFontan 54 Segmentation.seg.nrrd,"(120.0, 160.0, 60.0)","(1.7500000000000004, 1.7500000000000004, 1.8000000000000003)","(60, 160, 120)","[0, 1, 2, 3, 4]",True,True,True,False
Internal/imaging/PreFontan 55.nrrd,internal,False,"(120.0, 160.0, 56.0)","(1.75, 1.75, 1.8000000544956722)","(56, 160, 120)",1,16-bit unsigned integer,Internal/labels_standardized/PreFontan 55 Segmentation.seg.nrrd,"(120.0, 160.0, 56.0)","(1.75, 1.75, 1.8000000544956722)","(56, 160, 120)","[0, 1, 2, 3, 4]",True,True,True,False
Internal/imaging/PreFontan 56.nrrd,internal,False,"(120.0, 160.0, 56.0)","(1.75, 1.75, 1.8000000544956722)","(56, 160, 120)",1,16-bit unsigned integer,Internal/labels_standardized/PreFontan 56 Segmentation.seg.nrrd,"(120.0, 160.0, 56.0)","(1.75, 1.75, 1.8000000544956722)","(56, 160, 120)","[0, 1, 2, 3, 4]",True,True,True,False
Internal/imaging/PreFontan 57.nrrd,internal,False,"(120.0, 160.0, 56.0)","(1.75, 1.75, 1.8000000544956722)","(56, 160, 120)",1,16-bit unsigned integer,,,,,,,,False,True
Internal/imaging/PreFontan 58.nrrd,internal,False,"(120.0, 160.0, 56.0)","(1.7500000000000004, 1.7500000000000004, 1.8000000544956913)","(56, 160, 120, 30)",30,vector of 16-bit unsigned integer,,,,,,,,False,True
Internal/imaging/PreFontan 60.nrrd,internal,False,"(120.0, 160.0, 64.0)","(1.5625, 1.5625, 1.799999952316223)","(64, 160, 120)",1,16-bit unsigned integer,,,,,,,,False,True
Internal/imaging/PreFontan 61.nrrd,internal,False,"(120.0, 160.0, 56.0)","(1.75, 1.75, 1.8000000544956722)","(56, 160, 120)",1,16-bit unsigned integer,,,,,,,,False,True
Internal/imaging/PreFontan 62.nrrd,internal,False,"(120.0, 160.0, 64.0)","(1.75, 1.75, 1.7999999523162855)","(64, 160, 120)",1,16-bit unsigned integer,,,,,,,,False,True
Internal/imaging/PreFontan 72.nrrd,internal,False,"(264.0, 352.0, 63.0)","(0.9090909999999998, 0.9090909999999998, 1.200000322580646)","(63, 352, 264)",1,16-bit unsigned integer,,,,,,,,False,True
Internal/imaging/PreFontan 73.nrrd,internal,False,"(384.0, 264.0, 144.0)","(0.625, 0.625, 0.6)","(144, 264, 384)",1,16-bit unsigned integer,,,,,,,,False,True
Internal/imaging/PreFontan 74.nrrd,internal,False,"(264.0, 352.0, 80.0)","(0.909091, 0.909091, 1.2000003797468353)","(80, 352, 264)",1,16-bit unsigned integer,,,,,,,,False,True
Internal/imaging/PreFontan 76.nrrd,internal,False,"(120.0, 160.0, 56.0)","(1.7500000000000004, 1.7500000000000004, 1.8000000000000003)","(56, 160, 120)",1,16-bit unsigned integer,,,,,,,,False,True
Internal/imaging/PreFontan 77.nrrd,internal,False,"(264.0, 352.0, 72.0)","(1.02273, 1.02273, 1.2000001408450705)","(72, 352, 264)",1,16-bit unsigned integer,,,,,,,,False,True
Internal/imaging/PreFontan 78.nrrd,internal,False,"(120.0, 160.0, 52.0)","(1.7500000000000004, 1.7500000000000004, 1.8000000000000003)","(52, 160, 120)",1,16-bit unsigned integer,,,,,,,,False,True
Internal/imaging/PreFontan 79.nrrd,internal,False,"(264.0, 352.0, 64.0)","(0.9090910000000001, 0.9090909999999999, 1.1999996147223706)","(64, 352, 264)",1,16-bit unsigned integer,,,,,,,,False,True
Internal/imaging/PreFontan 80.nrrd,internal,False,"(264.0, 352.0, 72.0)","(1.0227300000000006, 1.0227300000000008, 1.2000043307665036)","(72, 352, 264)",1,16-bit unsigned integer,,,,,,,,False,True
Internal/imaging/PreFontan 81.nrrd,internal,False,"(384.0, 264.0, 104.0)","(0.885417, 0.885417, 1.5999999999999996)","(104, 264, 384)",1,16-bit unsigned integer,,,,,,,,False,True
